{
  "wer": 0.42675347111977674,
  "cer": 0.17183838182531322,
  "num_utts": 2703,
  "train_loss": 0.11468682580256048,
  "epoch": 19
}