{
  "wer": 0.410470127824936,
  "cer": 0.28337842775678634,
  "num_utts": 2703,
  "train_loss": 0.8275637349296856,
  "epoch": 41
}