{
  "wer": 0.4341142366241791,
  "cer": 0.1712319864719296,
  "num_utts": 2703,
  "train_loss": 0.05888947858502065,
  "epoch": 29
}