{
  "wer": 4.632516488451484,
  "cer": 3.1691240351434016,
  "num_utts": 2703,
  "train_loss": 2.2829445807230955,
  "epoch": 15
}