{
  "wer": 0.15790818879457744,
  "cer": 0.05089327527443939,
  "num_utts": 2703,
  "train_loss": 0.00920385270139924,
  "epoch": 43
}