{
  "wer": 0.2800197663194862,
  "cer": 0.10103107898747367,
  "num_utts": 2703,
  "train_loss": 0.020864957362155004,
  "epoch": 49
}