{
  "wer": 4.60776582109007,
  "cer": 2.8847497342991186,
  "num_utts": 2703,
  "train_loss": 2.466933661113585,
  "epoch": 5
}