{
  "wer": 0.19242089271097346,
  "cer": 0.06995854974689603,
  "num_utts": 2703,
  "train_loss": 0.08475697882350267,
  "epoch": 50
}