{
  "wer": 0.08593011304007138,
  "cer": 0.026082565818755822,
  "num_utts": 2703,
  "train_loss": 0.0311002817565853,
  "epoch": 37
}