{
  "wer": 0.3223973067260806,
  "cer": 0.1032306747811092,
  "num_utts": 2703,
  "train_loss": 0.019757769503926784,
  "epoch": 50
}