{
  "wer": 0.4714601160350435,
  "cer": 0.20692488516135224,
  "num_utts": 2703,
  "train_loss": 0.061191055078511636,
  "epoch": 44
}