{
  "wer": 0.34088820974310047,
  "cer": 0.13192793667041056,
  "num_utts": 2703,
  "train_loss": 0.029800227883600258,
  "epoch": 49
}