{
  "wer": 0.1373277473621725,
  "cer": 0.042526181197907055,
  "num_utts": 2703,
  "train_loss": 0.012029275264472545,
  "epoch": 36
}