{
  "wer": 0.14988367743848469,
  "cer": 0.046432707913183165,
  "num_utts": 2703,
  "train_loss": 0.011117578346842114,
  "epoch": 22
}