{
  "wer": 0.47488989848433183,
  "cer": 0.16263548799282712,
  "num_utts": 2703,
  "train_loss": 0.03002712998345408,
  "epoch": 50
}