{
  "wer": 0.8851412182314762,
  "cer": 0.46727628029187634,
  "num_utts": 2703,
  "train_loss": 0.37833711035506573,
  "epoch": 22
}