{
  "wer": 0.5570483665435016,
  "cer": 0.2349234840050741,
  "num_utts": 2703,
  "train_loss": 0.027047494219409093,
  "epoch": 31
}