{
  "wer": 0.2864871424814057,
  "cer": 0.09365531913005774,
  "num_utts": 2703,
  "train_loss": 0.009467250551097095,
  "epoch": 23
}