{
  "wer": 0.14467948556268356,
  "cer": 0.04632812661796932,
  "num_utts": 2703,
  "train_loss": 0.007771040334479313,
  "epoch": 48
}